월,평균플레이어,증감,증감률,피크플레이어,날짜,증감률_num,이동평균_3개월,연도
2016년 2월,1594.7,1594.2,300989.87%,24496,2016-02-01,300989.87,,2016
2016년 3월,34947.5,33352.7,2091.45%,64256,2016-03-01,2091.45,,2016
2016년 4월,19843.4,-15104.0,-43.22%,43286,2016-04-01,-43.22,18795.2,2016
2016년 5월,9654.5,-10188.9,-51.35%,20528,2016-05-01,-51.35,21481.8,2016
2016년 6월,7569.7,-2084.8,-21.59%,18642,2016-06-01,-21.59,12355.866666666667,2016
2016년 7월,9299.8,1730.1,22.86%,21032,2016-07-01,22.86,8841.333333333334,2016
2016년 8월,5507.7,-3792.1,-40.78%,9367,2016-08-01,-40.78,7459.066666666667,2016
2016년 9월,4372.4,-1135.3,-20.61%,7360,2016-09-01,-20.61,6393.299999999999,2016
2016년 10월,9257.2,4884.8,111.72%,18675,2016-10-01,111.72,6379.099999999999,2016
2016년 11월,6878.9,-2378.2,-25.69%,13674,2016-11-01,-25.69,6836.166666666667,2016
2016년 12월,7976.0,1097.0,15.95%,18787,2016-12-01,15.95,8037.366666666666,2016
2017년 1월,11798.9,3822.9,47.93%,24014,2017-01-01,47.93,8884.6,2017
2017년 2월,9887.9,-1910.9,-16.20%,17590,2017-02-01,-16.2,9887.6,2017
2017년 3월,9693.0,-194.9,-1.97%,17295,2017-03-01,-1.97,10459.933333333334,2017
2017년 4월,7653.6,-2039.5,-21.04%,11538,2017-04-01,-21.04,9078.166666666666,2017
2017년 5월,7882.6,229.1,2.99%,11896,2017-05-01,2.99,8409.733333333332,2017
2017년 6월,8904.6,1022.0,12.97%,18718,2017-06-01,12.97,8146.933333333334,2017
2017년 7월,15538.2,6633.5,74.50%,28122,2017-07-01,74.5,10775.133333333333,2017
2017년 8월,8847.5,-6690.6,-43.06%,13774,2017-08-01,-43.06,11096.766666666668,2017
2017년 9월,6869.3,-1978.2,-22.36%,10745,2017-09-01,-22.36,10418.333333333334,2017
2017년 10월,8141.8,1272.5,18.52%,13654,2017-10-01,18.52,7952.866666666666,2017
2017년 11월,8676.5,534.7,6.57%,17839,2017-11-01,6.57,7895.866666666666,2017
2017년 12월,9824.1,1147.6,13.23%,18346,2017-12-01,13.23,8880.800000000001,2017
2018년 1월,11707.1,1883.0,19.17%,20139,2018-01-01,19.17,10069.233333333332,2018
2018년 2월,9034.8,-2672.3,-22.83%,14601,2018-02-01,-22.83,10188.666666666666,2018
2018년 3월,8053.6,-981.2,-10.86%,12668,2018-03-01,-10.86,9598.5,2018
2018년 4월,7529.6,-524.0,-6.51%,26926,2018-04-01,-6.51,8206.0,2018
2018년 5월,27545.5,20015.9,265.83%,54212,2018-05-01,265.83,14376.233333333332,2018
2018년 6월,17362.4,-10183.1,-36.97%,30055,2018-06-01,-36.97,17479.166666666668,2018
2018년 7월,16584.1,-778.3,-4.48%,24692,2018-07-01,-4.48,20497.333333333332,2018
2018년 8월,16887.2,303.1,1.83%,27255,2018-08-01,1.83,16944.566666666666,2018
2018년 9월,11765.5,-5121.7,-30.33%,19826,2018-09-01,-30.33,15078.933333333329,2018
2018년 10월,10052.6,-1712.9,-14.56%,16189,2018-10-01,-14.56,12901.766666666665,2018
2018년 11월,9503.0,-549.5,-5.47%,16133,2018-11-01,-5.47,10440.366666666667,2018
2018년 12월,11160.1,1657.1,17.44%,22842,2018-12-01,17.44,10238.566666666666,2018
2019년 1월,15249.1,4089.0,36.64%,24470,2019-01-01,36.64,11970.733333333332,2019
2019년 2월,12724.4,-2524.8,-16.56%,19330,2019-02-01,-16.56,13044.533333333333,2019
2019년 3월,13166.6,442.2,3.48%,19786,2019-03-01,3.48,13713.366666666667,2019
2019년 4월,12541.7,-624.9,-4.75%,19916,2019-04-01,-4.75,12810.9,2019
2019년 5월,12474.1,-67.6,-0.54%,21404,2019-05-01,-0.54,12727.466666666665,2019
2019년 6월,12358.4,-115.7,-0.93%,24769,2019-06-01,-0.93,12458.066666666666,2019
2019년 7월,15367.1,3008.7,24.35%,24919,2019-07-01,24.35,13399.866666666663,2019
2019년 8월,11018.6,-4348.5,-28.30%,16327,2019-08-01,-28.3,12914.699999999999,2019
2019년 9월,9272.7,-1745.9,-15.84%,14278,2019-09-01,-15.84,11886.133333333331,2019
2019년 10월,8932.4,-340.3,-3.67%,14194,2019-10-01,-3.67,9741.233333333332,2019
2019년 11월,10855.1,1922.7,21.53%,35053,2019-11-01,21.53,9686.733333333332,2019
2019년 12월,24148.6,13293.4,122.46%,38024,2019-12-01,122.46,14645.366666666663,2019
2020년 1월,24356.2,207.7,0.86%,39046,2020-01-01,0.86,19786.63333333333,2020
2020년 2월,23697.2,-659.1,-2.71%,33885,2020-02-01,-2.71,24067.333333333332,2020
2020년 3월,27388.1,3690.9,15.58%,45512,2020-03-01,15.58,25147.166666666668,2020
2020년 4월,29951.2,2563.1,9.36%,44965,2020-04-01,9.36,27012.166666666668,2020
2020년 5월,20487.2,-9464.0,-31.60%,31679,2020-05-01,-31.6,25942.166666666668,2020
2020년 6월,15209.4,-5277.8,-25.76%,24618,2020-06-01,-25.76,21882.599999999995,2020
2020년 7월,19955.3,4745.9,31.20%,28908,2020-07-01,31.2,18550.63333333333,2020
2020년 8월,16653.3,-3302.1,-16.55%,23442,2020-08-01,-16.55,17272.66666666666,2020
2020년 9월,13509.3,-3143.9,-18.88%,19609,2020-09-01,-18.88,16705.966666666664,2020
2020년 10월,12060.0,-1449.3,-10.73%,18293,2020-10-01,-10.73,14074.199999999997,2020
2020년 11월,13803.9,1743.9,14.46%,22453,2020-11-01,14.46,13124.399999999996,2020
2020년 12월,29620.7,15816.8,114.58%,89311,2020-12-01,114.58,18494.866666666665,2020
2021년 1월,57166.6,27545.8,93.00%,94479,2021-01-01,93.0,33530.4,2021
2021년 2월,38304.7,-18861.9,-32.99%,59709,2021-02-01,-32.99,41697.333333333336,2021
2021년 3월,33180.9,-5123.8,-13.38%,51990,2021-03-01,-13.38,42884.06666666666,2021
2021년 4월,27172.6,-6008.4,-18.11%,42500,2021-04-01,-18.11,32886.066666666666,2021
2021년 5월,23174.5,-3998.0,-14.71%,35440,2021-05-01,-14.71,27842.666666666668,2021
2021년 6월,22241.4,-933.2,-4.03%,36513,2021-06-01,-4.03,24196.166666666668,2021
2021년 7월,28479.5,6238.2,28.05%,41572,2021-07-01,28.05,24631.8,2021
2021년 8월,30567.1,2087.6,7.33%,49612,2021-08-01,7.33,27096.0,2021
2021년 9월,24320.9,-6246.2,-20.43%,36516,2021-09-01,-20.43,27789.166666666668,2021
2021년 10월,22414.1,-1906.8,-7.84%,35687,2021-10-01,-7.84,25767.36666666667,2021
2021년 11월,23206.2,792.1,3.53%,35441,2021-11-01,3.53,23313.733333333334,2021
2021년 12월,24951.7,1745.5,7.52%,39992,2021-12-01,7.52,23524.0,2021
2022년 1월,33621.6,8669.9,34.75%,48151,2022-01-01,34.75,27259.833333333332,2022
2022년 2월,28793.5,-4828.1,-14.36%,44044,2022-02-01,-14.36,29122.266666666666,2022
2022년 3월,25851.2,-2942.2,-10.22%,38568,2022-03-01,-10.22,29422.100000000002,2022
2022년 4월,26829.8,978.6,3.79%,40444,2022-04-01,3.79,27158.166666666668,2022
2022년 5월,28036.6,1206.8,4.50%,42786,2022-05-01,4.5,26905.86666666667,2022
2022년 6월,31775.8,3739.2,13.34%,49366,2022-06-01,13.34,28880.733333333334,2022
2022년 7월,39076.5,7300.7,22.98%,54288,2022-07-01,22.98,32962.96666666667,2022
2022년 8월,31402.3,-7674.2,-19.64%,46813,2022-08-01,-19.64,34084.86666666666,2022
2022년 9월,24753.5,-6648.7,-21.17%,38451,2022-09-01,-21.17,31744.100000000002,2022
2022년 10월,22663.5,-2090.1,-8.44%,35033,2022-10-01,-8.44,26273.100000000002,2022
2022년 11월,23896.0,1232.5,5.44%,37232,2022-11-01,5.44,23771.0,2022
2022년 12월,28396.5,4500.5,18.83%,48081,2022-12-01,18.83,24985.333333333332,2022
2023년 1월,40950.5,12554.0,44.21%,59095,2023-01-01,44.21,31081.0,2023
2023년 2월,36264.1,-4686.4,-11.44%,56110,2023-02-01,-11.44,35203.700000000004,2023
2023년 3월,33899.0,-2365.1,-6.52%,52043,2023-03-01,-6.52,37037.86666666667,2023
2023년 4월,32582.3,-1316.7,-3.88%,50739,2023-04-01,-3.88,34248.46666666667,2023
2023년 5월,28102.8,-4479.6,-13.75%,43446,2023-05-01,-13.75,31528.03333333333,2023
2023년 6월,29862.0,1759.2,6.26%,45510,2023-06-01,6.26,30182.36666666667,2023
2023년 7월,37568.6,7706.5,25.81%,53687,2023-07-01,25.81,31844.466666666664,2023
2023년 8월,34520.6,-3048.0,-8.11%,53949,2023-08-01,-8.11,33983.73333333334,2023
2023년 9월,27764.5,-6756.1,-19.57%,44391,2023-09-01,-19.57,33284.56666666667,2023
2023년 10월,29556.4,1791.8,6.45%,48881,2023-10-01,6.45,30613.833333333332,2023
2023년 11월,28714.7,-841.6,-2.85%,46525,2023-11-01,-2.85,28678.533333333336,2023
2023년 12월,31948.8,3234.1,11.26%,53605,2023-12-01,11.26,30073.3,2023
2024년 1월,39082.7,7133.9,22.33%,58773,2024-01-01,22.33,33248.73333333333,2024
2024년 2월,32353.0,-6729.8,-17.22%,60742,2024-02-01,-17.22,34461.5,2024
2024년 3월,82587.9,50234.9,155.27%,236614,2024-03-01,155.27,51341.19999999999,2024
2024년 4월,120133.8,37545.9,45.46%,209332,2024-04-01,45.46,78358.23333333334,2024
2024년 5월,89016.9,-31116.9,-25.90%,175581,2024-05-01,-25.9,97246.2,2024
2024년 6월,64006.0,-25011.0,-28.10%,117975,2024-06-01,-28.1,91052.23333333334,2024
2024년 7월,82852.1,18846.1,29.44%,148985,2024-07-01,29.44,78625.0,2024
2024년 8월,65571.1,-17280.9,-20.86%,114626,2024-08-01,-20.86,70809.73333333334,2024
2024년 9월,49227.5,-16343.6,-24.93%,88441,2024-09-01,-24.93,65883.56666666667,2024
2024년 10월,66650.9,17423.3,35.39%,176909,2024-10-01,35.39,60483.166666666664,2024
2024년 11월,61855.4,-4795.4,-7.19%,116286,2024-11-01,-7.19,59244.6,2024
2024년 12월,66413.0,4557.5,7.37%,125672,2024-12-01,7.37,64973.1,2024
2025년 1월,72808.0,6395.0,9.63%,129558,2025-01-01,9.63,67025.46666666666,2025
2025년 2월,59383.4,-13424.6,-18.44%,100401,2025-02-01,-18.44,66201.46666666666,2025
2025년 3월,61862.9,2479.5,4.18%,136302,2025-03-01,4.18,64684.76666666666,2025
2025년 4월,58163.1,-3699.8,-5.98%,118620,2025-04-01,-5.98,59803.13333333333,2025
2025년 5월,54791.4,-3371.7,-5.80%,100604,2025-05-01,-5.8,58272.466666666674,2025
2025년 6월,58664.3,3872.8,7.07%,136344,2025-06-01,7.07,57206.26666666666,2025
2025년 7월,84943.8,26279.5,44.80%,157704,2025-07-01,44.8,66133.16666666667,2025
2025년 8월,74886.2,-10057.5,-11.84%,135679,2025-08-01,-11.84,72831.43333333333,2025
2025년 9월,58648.5,-16237.7,-21.68%,117743,2025-09-01,-21.68,72826.16666666667,2025
2025년 10월,61168.5,2520.0,4.30%,131695,2025-10-01,4.3,64901.06666666667,2025
2025년 11월,53988.6,-7179.9,-11.74%,102931,2025-11-01,-11.74,57935.200000000004,2025
2025년 12월,58487.3,4498.7,8.33%,139162,2025-12-01,8.33,57881.46666666667,2025
2026년 1월,76331.7,17844.4,30.51%,139682,2026-01-01,30.51,62935.86666666667,2026
2026년 2월,64673.0,-11658.8,-15.27%,114730,2026-02-01,-15.27,66497.33333333333,2026
2026년 3월,69691.9,5019.0,7.76%,158182,2026-03-01,7.76,70232.2,2026
2026년 4월,64600.6,-5091.3,-7.31%,131755,2026-04-01,-7.31,66321.83333333333,2026
2026년 5월,60412.1,-4188.5,-6.48%,128784,2026-05-01,-6.48,64901.533333333326,2026
2026년 6월,58609.3,-1802.8,-2.98%,115373,2026-06-01,-2.98,61207.333333333336,2026
2026년 7월,67230.8,8621.5,14.71%,125051,2026-07-01,14.71,62084.06666666667,2026
2026년 8월,62132.2,-5098.5,-7.58%,111665,2026-08-01,-7.58,62657.43333333333,2026
